jawOpen,mouthLowerDown_R,mouthLowerDown_L,mouthStretch_R,mouthStretch_L,mouthPucker,mouthFrown_R,mouthFrown_L,mouthClose,mouthFunnel,mouthUpperUp_L,mouthUpperUp_R,jawForward,mouthShrugLower,mouthShrugUpper,jawRight,jawLeft,mouthDimple_L,mouthDimple_R,mouthRollLower,mouthRollUpper,mouthLeft,mouthRight,mouthSmile_L,mouthSmile_R,mouthPress_L,mouthPress_R,movement
0.04509787,0.05839428,0.06607158,0.1436606,0.1485484,0.3618982,0.1210828,0.1792521,0.04707026,0.1184164,0.04611009,0.05242492,0.02660831,0.1509312,0.1554605,0.0006949976,0.02199493,0.01924701,0.02142917,0.01711032,0.03344559,0,0.02549366,0,0,0.02635271,0.02622362,0
0.04466652,0.05815876,0.0657891,0.1437221,0.1485865,0.3623562,0.1210767,0.1788594,0.04681823,0.1180554,0.0460218,0.05240313,0.02653368,0.1513664,0.1558223,0.0006396119,0.02236317,0.01932378,0.02155637,0.01723838,0.03343257,0,0.02516473,0,0,0.0265788,0.02645126,0
0.04440213,0.05805014,0.06563687,0.1440338,0.1488848,0.3629654,0.1202122,0.1745368,0.04662196,0.1177568,0.04598883,0.05241694,0.02647522,0.1511638,0.1560343,0.0005886399,0.02284582,0.01939407,0.02166161,0.01727242,0.03342004,0,0.0247692,0,0,0.02669822,0.02656836,0
0.04403222,0.05780831,0.065354,0.1440539,0.1489362,0.3699005,0.1193374,0.1725534,0.0464102,0.1174169,0.04591406,0.05241583,0.02637288,0.1510043,0.1560867,0.0005417301,0.02343482,0.01945071,0.02176184,0.01727841,0.03340477,0,0.02434407,0,0,0.02683975,0.02672752,0
0.04364817,0.05748023,0.06497087,0.1439846,0.1488827,0.3725403,0.1187599,0.1715699,0.0462607,0.1170968,0.04589493,0.05250721,0.02630354,0.151188,0.1564869,0.0004985585,0.02422107,0.01953496,0.02191051,0.01729265,0.03338218,0,0.02399485,0,0,0.02701335,0.02692058,0
0.04322962,0.05695993,0.06436987,0.1435713,0.148525,0.3734154,0.1215612,0.1728249,0.04600925,0.1165466,0.04584524,0.05251326,0.02615681,0.1540407,0.1569047,0.0004588274,0.02463574,0.01969988,0.02213302,0.01741421,0.03329108,0,0.02349288,0,0,0.02729131,0.02722251,0
0.04282241,0.05641467,0.06372375,0.1431358,0.1481444,0.3723944,0.1282892,0.1818067,0.04581963,0.1159428,0.04565266,0.05235567,0.02599797,0.1574005,0.1567319,0.0004222625,0.02479874,0.0199458,0.02245875,0.01767317,0.03332598,0,0.02309057,0,0,0.02766435,0.02761712,0
0.04181453,0.05551398,0.06228825,0.1425681,0.1475718,0.3724561,0.1309862,0.1860058,0.04549029,0.1153829,0.04535058,0.05212991,0.02581312,0.165979,0.1564028,0.0003886116,0.02527038,0.02019434,0.02282618,0.0179253,0.0334356,0,0.02275493,0,0,0.0281046,0.028083,0
0.04107529,0.05490648,0.06150216,0.1420802,0.1470411,0.3736453,0.1319066,0.1876386,0.04518271,0.1148994,0.04509575,0.05199618,0.02565998,0.1706415,0.1561759,0.0003576424,0.0258772,0.02041898,0.02318886,0.0181582,0.03350163,0,0.02256346,0,0,0.02849868,0.02851163,0
0.03990202,0.05436446,0.06085183,0.1414261,0.1458774,0.3741762,0.1320327,0.1885936,0.04469809,0.1143244,0.04485235,0.05191435,0.02547408,0.173025,0.1562731,0.0003291412,0.02733407,0.02060922,0.02353966,0.01834601,0.03352058,0,0.02261709,0,0,0.02886179,0.02889622,0
0.03834636,0.05370745,0.0601041,0.1404756,0.1445238,0.3742111,0.1326972,0.1918463,0.0441243,0.1136714,0.04453968,0.05172683,0.02525616,0.1809173,0.1565347,0.0003029113,0.02825577,0.02085209,0.02394665,0.01859738,0.03353144,0,0.02265311,0,0,0.02923613,0.02928206,0
0.03662149,0.05301475,0.05935225,0.1383645,0.1424038,0.3733532,0.1331601,0.1929575,0.04319675,0.1129502,0.04434717,0.05164186,0.02500649,0.1869243,0.1570145,0.0002787717,0.02901144,0.02112273,0.02436105,0.01882385,0.03342702,0,0.02263084,0,0,0.0295746,0.02964641,0
0.03446611,0.0507102,0.05630057,0.1350359,0.1393121,0.3706613,0.1343332,0.1957044,0.04203654,0.1117523,0.04413354,0.05154271,0.02470327,0.2199264,0.157987,0.0002565558,0.02964414,0.02157572,0.02500175,0.01916607,0.0333066,0,0.02276792,0,0,0.03005706,0.03017349,0
0.03206729,0.0490621,0.05419751,0.1325135,0.1367991,0.3677787,0.1348065,0.1969396,0.03998154,0.1106359,0.04392034,0.05144969,0.02435916,0.2292527,0.1604307,0.0002361104,0.03032648,0.02201929,0.02563665,0.01950605,0.03310064,0,0.02296825,0,0,0.03058873,0.03074545,0
0.0302815,0.04668122,0.05142144,0.129449,0.1343953,0.3664428,0.1349895,0.197837,0.03845428,0.1097806,0.04392065,0.0516619,0.02405677,0.2458363,0.1712531,0.0002172942,0.03106253,0.02256259,0.02674504,0.01988453,0.03278502,0,0.02318117,0,0,0.03122782,0.0316394,0
0.02911859,0.04526943,0.04985755,0.1279277,0.1330911,0.36383,0.1351444,0.1986734,0.03730775,0.108953,0.0440687,0.05206232,0.02380447,0.2513226,0.1811472,0.0001999776,0.0318109,0.02311543,0.02771219,0.02023254,0.0324689,0,0.0234902,0,0,0.03180197,0.0323428,0
0.0282156,0.0442754,0.04879922,0.1268855,0.1322584,0.3630305,0.1345111,0.19867,0.03649335,0.1082707,0.04430669,0.05254659,0.02358988,0.2543252,0.1870714,0.000184041,0.0328515,0.02371868,0.02869902,0.02059445,0.03220188,0,0.02380125,0,0,0.03234594,0.03302212,0
0.02745346,0.04346627,0.04797331,0.1261275,0.131658,0.3606369,0.1332645,0.1982673,0.03580444,0.1078446,0.04465616,0.05314837,0.02346204,0.2561511,0.199017,0.0001693745,0.03384941,0.02439608,0.0300657,0.02097619,0.03197393,0,0.02413581,0,0,0.03291818,0.03372743,0
0.02669437,0.04267668,0.04718217,0.1251247,0.1309869,0.3566088,0.1330278,0.1984071,0.03516138,0.1075093,0.04500965,0.05374551,0.02335939,0.2639014,0.2065625,0.0001558767,0.0346167,0.02546564,0.03204582,0.02154058,0.03182452,0,0.02442242,0,0,0.03423705,0.03605796,0
0.02574849,0.04172456,0.04623787,0.1231832,0.129833,0.3504979,0.1341023,0.1994047,0.03448024,0.1070701,0.04529246,0.05421331,0.02324042,0.2725041,0.2097725,0.0001434546,0.03512643,0.02645892,0.03351615,0.0222248,0.03172021,0,0.0246408,0,0,0.03576705,0.03839419,0
0.02501362,0.04091541,0.04542986,0.1221525,0.129083,0.3425245,0.143501,0.2104822,0.03392127,0.1066604,0.04558274,0.05468383,0.02317218,0.276766,0.2125247,0.0001320224,0.03542877,0.02747609,0.03492577,0.02318082,0.03167267,0,0.0249356,0,0,0.03736191,0.04051226,0
0.02432532,0.04017571,0.04467963,0.1211237,0.1282476,0.3399697,0.1464307,0.2138285,0.03336474,0.1061672,0.04578011,0.05505206,0.02304932,0.2803916,0.2139339,0.0001215012,0.03565791,0.02826761,0.03589333,0.02419635,0.03156054,0,0.0251837,0,0,0.03874136,0.04214875,0
0.02368731,0.03949816,0.04397934,0.1194798,0.1263443,0.3384414,0.1495622,0.218337,0.03285113,0.1057124,0.0459503,0.05539379,0.02293991,0.2834131,0.2149594,0.0001118186,0.03570757,0.02900633,0.03674857,0.02561714,0.03145342,0,0.02552369,0,0,0.04060688,0.04395232,0
0.02311931,0.03889471,0.04335206,0.1183147,0.1251459,0.3377718,0.1511651,0.2202222,0.03235962,0.1053307,0.04609375,0.05567431,0.02280623,0.2855237,0.2157732,0.0001029075,0.03580253,0.02967083,0.03747416,0.02654264,0.03128748,0,0.02568603,0,0,0.04166324,0.0450152,0
0.02311931,0.03889471,0.04335206,0.1183147,0.1251459,0.3377718,0.1511651,0.2202222,0.03235962,0.1053307,0.04609375,0.05567431,0.02280623,0.2855237,0.2157732,0.0001029075,0.03580253,0.02967083,0.03747416,0.02654264,0.03128748,0,0.02568603,0,0,0.04166324,0.0450152,0
0.02567765,0.03445312,0.03848105,0.1527495,0.1459607,0.3118897,0.2005474,0.2633319,0.04075395,0.1200465,0.02264844,0.02797968,0.03988366,0.1704322,0.1609898,0.0005370649,0.00415628,0.02342321,0.03794601,0.03434565,0.04162952,0,0.05512864,0,0,0.02508618,0.02579028,0
0.1277322,0.08925804,0.09531283,0.2890082,0.2746149,0.2587691,0.2878541,0.3833637,0.1321716,0.1382106,0.02261369,0.02696156,0.0440055,0.06491913,0.08457415,0.0008948204,0.004412983,0.02322957,0.03584317,0.03049997,0.1171813,0,0.06172815,0,0,0.02404155,0.0241898,0
0.1512698,0.101147,0.10734,0.3194233,0.3039639,0.2505702,0.3102362,0.4126822,0.1547013,0.1427283,0.02132508,0.02452431,0.04775428,0.03877158,0.06735268,0.001191356,0.00437599,0.02266138,0.03167083,0.02867185,0.1347395,0,0.06375802,0,0,0.02226158,0.02223798,0
0.1649942,0.1091949,0.1146309,0.3354411,0.3217286,0.2550457,0.3218207,0.4250358,0.1688765,0.1482157,0.02021271,0.02266803,0.05341512,0.02670973,0.05861701,0.00123806,0.004195693,0.02195269,0.02837201,0.0287956,0.1439664,0,0.06471316,0,0,0.02073821,0.02066251,0
0.1708341,0.1131429,0.1183007,0.3438525,0.3327488,0.2716688,0.3276218,0.4247018,0.1752041,0.150819,0.01911188,0.02103646,0.05549184,0.02354322,0.05380372,0.001289506,0.003951484,0.02101426,0.02557886,0.02944576,0.1482898,0,0.06485829,0,0,0.01949698,0.01943761,0
0.1741688,0.1188652,0.1224379,0.3526631,0.3593565,0.2814475,0.3269544,0.4039766,0.1795625,0.1584088,0.01823587,0.01982483,0.05688307,0.0220787,0.051365,0.001247079,0.00419252,0.02010762,0.02339779,0.0298501,0.1505232,0,0.06317315,0,0,0.01856804,0.01851887,0
0.1798198,0.1294764,0.1310123,0.3577425,0.3707628,0.2876121,0.327297,0.3982068,0.1896406,0.1685016,0.01742398,0.01880201,0.05887411,0.02141829,0.05005517,0.001179992,0.005541633,0.01927168,0.02164239,0.03029181,0.1541697,0,0.05806871,0,0,0.01776847,0.01775689,0
0.1869921,0.1329793,0.1339397,0.3610398,0.3762174,0.2915898,0.3271813,0.3927495,0.1954447,0.1725423,0.01670972,0.0179746,0.06017878,0.02144109,0.04962633,0.001103242,0.006228524,0.01851534,0.02047216,0.03061541,0.1551136,0,0.05570845,0,0,0.01705402,0.01708226,0
0.1897708,0.1351766,0.1366437,0.3641295,0.3811614,0.2937065,0.3229858,0.3773316,0.1984207,0.1748488,0.01604161,0.0172224,0.06115953,0.02163643,0.04932124,0.001024575,0.007226184,0.01780823,0.01952378,0.03075012,0.15569,0,0.05103451,0,0,0.0163969,0.01645361,0
0.1906979,0.1362353,0.1379347,0.365662,0.3834862,0.2951762,0.320959,0.3675981,0.1983622,0.1761494,0.0154845,0.01659618,0.06162905,0.02211642,0.04930687,0.0009478767,0.008031445,0.01718115,0.01874565,0.03076195,0.1530236,0,0.04423955,0,0,0.01582341,0.01590252,0
0.1884883,0.1364096,0.1384288,0.3663029,0.3845219,0.295746,0.3192793,0.3606623,0.1897882,0.1768764,0.01507759,0.0161373,0.06187001,0.02297065,0.05034607,0.0008749892,0.00957296,0.01664075,0.0181061,0.03057462,0.1442849,0,0.03917406,0,0,0.01534419,0.01545146,0
0.1796837,0.136115,0.1384787,0.3666519,0.3853249,0.2963578,0.3185332,0.3574047,0.1767912,0.1773678,0.01477127,0.01577894,0.06175988,0.02372324,0.05195893,0.0008066783,0.01444307,0.01614134,0.01751135,0.03023455,0.1391655,0,0.03236106,0,0,0.01493001,0.01506442,0
0.1769724,0.135696,0.1383951,0.3629026,0.3848617,0.2947561,0.3171762,0.3422417,0.1723707,0.1775302,0.01464181,0.01557019,0.06156494,0.02447073,0.06005061,0.0007431519,0.01693596,0.01571639,0.01697307,0.02976342,0.1285505,0,0.02798406,0,0,0.01460496,0.01477295,0
0.1753069,0.1348804,0.1380549,0.362396,0.387875,0.2903333,0.3188624,0.3386301,0.1701748,0.1779221,0.01467847,0.01551879,0.06164761,0.02642583,0.07371712,0.0006843351,0.02001579,0.01540569,0.01652885,0.0293631,0.1248732,0,0.02437894,0,0,0.01442132,0.01461741,0
0.1774915,0.1342772,0.1378103,0.3615662,0.3884622,0.285295,0.3174005,0.3328349,0.1741619,0.1784316,0.01494247,0.01568537,0.06196987,0.02808239,0.09383829,0.0006300167,0.02507262,0.01521279,0.01617914,0.02883465,0.1218155,0,0.02075618,0,0,0.01439635,0.01460335,0
0.1801033,0.1340641,0.1379453,0.3582696,0.3865526,0.2838496,0.2634297,0.265931,0.1751658,0.179563,0.01550292,0.0160946,0.06233317,0.02968165,0.1028255,0.0005799258,0.02693679,0.01506543,0.01585851,0.02822717,0.1069699,0,0.01786869,0,0,0.01443468,0.01464622,0
0.1811138,0.1338576,0.1380951,0.3553326,0.378888,0.2830404,0.2492349,0.2469015,0.1743618,0.180337,0.01718561,0.01668326,0.0625479,0.03071893,0.1073389,0.0005337727,0.02753787,0.01491777,0.01553211,0.02755933,0.09591049,0,0.0156749,0,0,0.01452024,0.01471368,0
0.1800458,0.1335948,0.1382363,0.3460554,0.3626181,0.2869091,0.2420644,0.2374426,0.1611061,0.18095,0.0190894,0.01747997,0.06246966,0.03153317,0.1112946,0.0004912687,0.02688344,0.01471698,0.01516502,0.02685367,0.09037727,0,0.01447765,0,0,0.01464264,0.01481328,0
0.1800423,0.1331058,0.1382519,0.3400511,0.3540383,0.2880297,0.2385637,0.232767,0.1571842,0.1814584,0.02087595,0.01835866,0.06237121,0.03214188,0.1132726,0.0004521364,0.02343465,0.01449786,0.01479597,0.02613021,0.08658868,0,0.01365608,0,0,0.01477445,0.01491936,0
0.1801434,0.131186,0.1379614,0.3305402,0.3421514,0.2885857,0.2444308,0.2384899,0.154584,0.1812239,0.02199761,0.01909305,0.06200758,0.03269454,0.1139679,0.0004161143,0.01696869,0.01426696,0.01443444,0.02546681,0.08258964,0,0.01291071,0,0,0.01490097,0.01500854,0
0.1796873,0.1292045,0.1375139,0.3249378,0.3375407,0.2889885,0.2456556,0.2393178,0.1505677,0.1794289,0.02348102,0.01993605,0.06134569,0.03346481,0.1143407,0.0003829585,0.01464962,0.01406263,0.01409839,0.02486654,0.07724281,0,0.01159298,0,0,0.01503783,0.01511979,0
0.1794953,0.1262376,0.1364756,0.3229224,0.3356565,0.2889791,0.2464315,0.2396738,0.148546,0.1771892,0.02444565,0.02064312,0.06072211,0.03407115,0.1138541,0.0003524425,0.01292102,0.01387612,0.01378493,0.02437282,0.07338569,0,0.0107528,0,0,0.01513701,0.01520222,0
0.1796547,0.1249018,0.1358384,0.321834,0.3345941,0.2889042,0.2468925,0.2400863,0.1473475,0.1757283,0.02511769,0.02120738,0.06019712,0.0345476,0.1101079,0.0003243571,0.01171951,0.01367635,0.01348189,0.02401556,0.07117859,0,0.01033471,0,0,0.01519606,0.01527125,0
0.1796581,0.1240048,0.1354013,0.321542,0.3340406,0.2890703,0.2466654,0.2402646,0.1454431,0.1735315,0.02567042,0.02171008,0.05955219,0.03511921,0.1063025,0.0005635115,0.01037249,0.01347322,0.01320558,0.02380221,0.06944769,0,0.0103575,0,0,0.01529121,0.01536499,0
0.1751037,0.1223588,0.1342602,0.3216106,0.3339392,0.279467,0.2462698,0.2407276,0.1380722,0.1693591,0.02638161,0.02254828,0.05899276,0.03725456,0.1051343,0.0007412425,0.009398601,0.01340412,0.01307417,0.02375746,0.0678457,0,0.01062161,0,0,0.01549889,0.01560274,0
0.1738131,0.1213452,0.1333171,0.3214203,0.3334559,0.2771203,0.2424492,0.2407151,0.1356108,0.167656,0.02772487,0.02397374,0.05846241,0.04003984,0.1048378,0.0009109942,0.008570773,0.01339209,0.01300405,0.02385879,0.06639897,0,0.01082956,0,0,0.01578943,0.01593011,0
0.1727669,0.1206263,0.132696,0.3214623,0.3331352,0.2757294,0.2324422,0.2375831,0.1326879,0.1662066,0.02954019,0.02558126,0.05800271,0.04159303,0.1049522,0.001238081,0.007845555,0.01339576,0.01294978,0.02399964,0.06513914,0,0.01108075,0,0,0.01611673,0.01627661,0
0.167631,0.1198671,0.1319683,0.3215022,0.3330314,0.2586291,0.2292264,0.2366347,0.1266255,0.1607467,0.03381479,0.02935005,0.05767969,0.04497458,0.1109077,0.001547844,0.007197741,0.01357739,0.01305929,0.02442344,0.06384443,0,0.01120835,0,0,0.01661192,0.01678852,0
0.1659331,0.119194,0.1313496,0.3214796,0.3328101,0.2523563,0.2275339,0.236402,0.1244849,0.1588019,0.03731259,0.03281682,0.05768032,0.04754728,0.1155687,0.00205206,0.00661205,0.01384268,0.01326971,0.02501066,0.06312144,0,0.01158777,0,0,0.01719334,0.01740733,0
0.1650608,0.118684,0.1308709,0.3213372,0.3326229,0.2494929,0.2260662,0.2359245,0.1232719,0.1577453,0.0395428,0.03503497,0.05775515,0.04891387,0.11775,0.002352039,0.006078652,0.01411806,0.01348391,0.02562726,0.0624977,0,0.01182961,0,0,0.01780854,0.01806955,0
0.1650592,0.1189724,0.1311735,0.3215023,0.3340907,0.2466311,0.2256894,0.2363944,0.1223354,0.1576045,0.04188373,0.03764677,0.05825027,0.04986003,0.1196638,0.002347307,0.005621495,0.01443642,0.01373283,0.02658275,0.06231438,0,0.01223176,0,0,0.01837602,0.01871019,0
0.1648753,0.1191939,0.1314401,0.3216369,0.3354107,0.2457835,0.225783,0.2369144,0.1215483,0.1576419,0.04360531,0.0391201,0.05863682,0.05065957,0.1205976,0.002258038,0.005222906,0.01471206,0.01392732,0.02749594,0.06217657,0,0.01231639,0,0,0.01894125,0.01931519,0
0.1651368,0.1194346,0.1317917,0.3213587,0.3357102,0.2479035,0.2258351,0.2370345,0.1210796,0.1578604,0.04467068,0.04006592,0.05884532,0.051166,0.121094,0.00232605,0.004822033,0.0149168,0.01406058,0.02821304,0.06200961,0,0.01215957,0,0,0.01953059,0.01989007,0
0.1652612,0.1195101,0.1319718,0.3208674,0.3349737,0.2484712,0.2274358,0.2390999,0.1204202,0.158319,0.04559879,0.04088659,0.05909635,0.05171428,0.121678,0.002629209,0.004445973,0.01513251,0.01422907,0.02907345,0.06186321,0,0.01208412,0,0,0.02029238,0.02055495,0
0.1651581,0.119425,0.1319462,0.3202495,0.3344947,0.2493902,0.2297732,0.2407352,0.1199074,0.158667,0.0463999,0.04157991,0.05930585,0.05240069,0.1223378,0.002759427,0.004096063,0.01533555,0.01437347,0.03033432,0.06163507,0,0.01182737,0,0,0.02103329,0.02124601,0
0.165213,0.1194157,0.1319898,0.3196823,0.3342263,0.2500837,0.2309226,0.2416228,0.119587,0.158922,0.04709265,0.04217146,0.05956547,0.0529576,0.1228799,0.002698002,0.003771994,0.01549437,0.01447719,0.03119327,0.0614361,0,0.01139597,0,0,0.02165634,0.02184493,0
0.1656628,0.1194058,0.1320157,0.3192817,0.3339928,0.2525336,0.231386,0.242088,0.1195891,0.1592623,0.04760989,0.04262634,0.05981499,0.05344147,0.1231066,0.002691134,0.003472656,0.01561669,0.01455553,0.03191836,0.06129653,0,0.01118315,0,0,0.02220716,0.02239592,0
0.1661195,0.1193773,0.1320051,0.3187751,0.3337444,0.2534578,0.2322063,0.2450897,0.1196281,0.1594653,0.04804775,0.04303113,0.06007489,0.05397173,0.1233039,0.002667543,0.003196588,0.01575197,0.01465693,0.03273168,0.06125054,0,0.01106774,0,0,0.02277355,0.0229735,0
0.1659286,0.1190195,0.1316196,0.3168906,0.3323687,0.2541507,0.2322953,0.2461465,0.1193272,0.1595776,0.04841985,0.0434038,0.06016398,0.05459625,0.1236243,0.002604311,0.002942206,0.01587031,0.01475749,0.03343025,0.06104614,0,0.01101733,0,0,0.02334572,0.02356503,0
0.1622927,0.1186014,0.1311419,0.3159369,0.3316798,0.2525506,0.2336406,0.2519215,0.1177007,0.15953,0.04903146,0.04401598,0.06040265,0.05542387,0.1287654,0.002497456,0.002707929,0.01601453,0.01487629,0.03419223,0.06073974,0,0.01107247,0,0,0.02396511,0.02421418,0
0.1597335,0.1182421,0.130715,0.3153335,0.3313124,0.2495111,0.2353043,0.2569861,0.1159728,0.1593194,0.04995537,0.0449461,0.06069737,0.05612763,0.1338442,0.0023418,0.002527983,0.01617242,0.01500538,0.03492189,0.06043169,0,0.01116974,0,0,0.02457005,0.02485508,0
0.1584031,0.1181241,0.1305841,0.3140744,0.3307683,0.2459379,0.2360254,0.2591556,0.1150224,0.1589671,0.05063405,0.04561638,0.06110648,0.05646485,0.1357324,0.00218789,0.002336445,0.01626431,0.01506668,0.03554444,0.06023097,0,0.01119349,0,0,0.02509394,0.02539255,0
0.1567914,0.117915,0.13031,0.3127777,0.3302967,0.2445113,0.2406177,0.2653271,0.1142852,0.1584289,0.05113033,0.0460963,0.06147676,0.05685107,0.1367655,0.00202858,0.002243883,0.01630428,0.01506396,0.03608805,0.06000634,0,0.01125436,0,0,0.025476,0.02579561,0
0.1557359,0.1176903,0.1300021,0.3115716,0.3299886,0.2437015,0.243896,0.2713055,0.113534,0.1579233,0.05164035,0.04664654,0.06192604,0.05725047,0.1375099,0.001874972,0.002327815,0.01633067,0.01505668,0.03666158,0.05977877,0,0.01130942,0,0,0.02580543,0.02620249,0
0.1528249,0.1173215,0.1295487,0.3100362,0.3294984,0.2428446,0.2468981,0.2736608,0.1116986,0.1573457,0.0520812,0.04707408,0.06214358,0.05769147,0.1379936,0.001729863,0.002516077,0.01639251,0.01506786,0.03718661,0.05948965,0,0.01131631,0,0,0.02614594,0.02658722,0
0.1514748,0.1169747,0.1290907,0.3092082,0.3291401,0.2421528,0.2484656,0.2751973,0.1106518,0.1569045,0.05246289,0.04745072,0.06227861,0.05813619,0.1385216,0.001594314,0.002753302,0.0164585,0.01508931,0.03779673,0.05921499,0,0.01126568,0,0,0.02652814,0.02700391,0
0.1485479,0.1165848,0.1285211,0.3085498,0.3288627,0.2416945,0.2481181,0.2754112,0.1097945,0.1562226,0.05268048,0.04769265,0.06225261,0.05854604,0.1385244,0.001468495,0.003105344,0.01653014,0.01510637,0.03825291,0.05883704,0,0.01118899,0,0,0.02684909,0.02736943,0
0.147407,0.1164249,0.128118,0.307916,0.3288203,0.2414202,0.2448135,0.2751209,0.1093768,0.155664,0.05264142,0.04776321,0.06217091,0.05868266,0.1384155,0.001352129,0.003701535,0.0165443,0.01506607,0.03845094,0.05845093,0,0.01132824,0,0,0.02698622,0.02762531,0
0.1465767,0.1162828,0.1276365,0.3057263,0.3284354,0.2415871,0.2435934,0.2745691,0.1091069,0.1549677,0.05239629,0.04761747,0.06201568,0.05874351,0.1379517,0.001244729,0.004881752,0.01652277,0.01497989,0.03851059,0.05805687,0,0.0115376,0,0,0.02703843,0.02778904,0
0.131619,0.1157384,0.124792,0.3029895,0.3272857,0.222112,0.2430832,0.2742045,0.1074251,0.1516206,0.05210878,0.04741282,0.0619108,0.05901884,0.1377372,0.001145723,0.005551965,0.01665457,0.01500383,0.0387379,0.05774518,0,0.01160101,0,0,0.02725104,0.02813123,0
0.1269534,0.1151038,0.122948,0.3002828,0.3256159,0.2048967,0.2427603,0.2673991,0.1004645,0.1503221,0.05239557,0.04763389,0.06216586,0.05920086,0.1379383,0.00105452,0.005993767,0.01690437,0.01508702,0.03910583,0.05738563,3.998876e-05,0.01065596,0,0,0.02755196,0.02845743,0
0.1770512,0.1228961,0.133357,0.3516283,0.371832,0.1923335,0.2159573,0.2119185,0.09858359,0.1493348,0.06487992,0.05470233,0.06266155,0.05878033,0.1476045,0.0009705371,0.005940365,0.01726817,0.01526704,0.03934877,0.05698077,4.78384e-05,0.01027166,0,0,0.02776292,0.0284813,0
0.1874307,0.1247913,0.1354547,0.359985,0.3776675,0.1880387,0.1644385,0.113344,0.09941734,0.1463839,0.08027732,0.0597898,0.06268334,0.0606662,0.1504398,0.0008932222,0.006240828,0.01977724,0.01561623,0.04022008,0.05654005,4.993328e-05,0.009907642,0,0,0.03050901,0.02885531,0
0.2105232,0.1259461,0.1367654,0.3495479,0.3777635,0.1858402,0.09375939,0.07738405,0.1169454,0.1377594,0.08515429,0.06194327,0.0627531,0.06107276,0.1505903,0.0008220551,0.006358367,0.02126589,0.01606505,0.04096465,0.05668944,0.0001369969,0.009282959,0,0,0.03465184,0.03091446,0
0.2174856,0.1267393,0.1374982,0.3504527,0.379673,0.183275,0.07745959,0.05689995,0.1210529,0.1319599,0.09144165,0.06672657,0.0628711,0.06121438,0.1514062,0.0007565523,0.006581318,0.02297524,0.01655384,0.04155026,0.05650349,0.0009855981,0.008631431,0,0,0.03690277,0.03187746,0
0.1813304,0.1272015,0.1376802,0.3674804,0.3940902,0.1697649,0.2037149,0.1925738,0.1097069,0.1295206,0.09344479,0.06864136,0.06552449,0.06112104,0.1842868,0.0006962656,0.006733321,0.02367613,0.01685668,0.04214787,0.05613406,0.001150998,0.008215954,0,0,0.03765172,0.03225494,0
0.160098,0.1275177,0.1375251,0.3292257,0.3527167,0.1818443,0.2413201,0.2415427,0.1032353,0.1295158,0.07463269,0.06810112,0.06666292,0.06105765,0.1881461,0.0006407812,0.01267583,0.02376471,0.01689977,0.04240122,0.05587271,0.001189843,0.007721127,0,0,0.03765837,0.03255673,0
0.1390733,0.1171356,0.1174823,0.3204792,0.3432237,0.1844197,0.2703491,0.2843868,0.1004343,0.1294569,0.06044645,0.05895705,0.06718872,0.06120318,0.1695235,0.0005897174,0.0187935,0.02379492,0.01701967,0.04351282,0.05595471,0.001178052,0.007172616,0,0,0.03763189,0.03317485,0
0.1318186,0.1140245,0.1119763,0.3209134,0.3547155,0.1854823,0.2834125,0.3008972,0.09911683,0.1297628,0.05500183,0.05505344,0.06767468,0.06106496,0.1650627,0.0005427223,0.02457007,0.02382509,0.01713991,0.0448766,0.05620505,0.0011872,0.00663677,0,0,0.03747034,0.03386104,0
0.1286298,0.1121783,0.1092629,0.3196128,0.356077,0.18624,0.2903911,0.30922,0.09991123,0.1302917,0.05192465,0.05196603,0.06821837,0.06085532,0.1556003,0.000499472,0.02660782,0.02378705,0.01721673,0.04595996,0.05819085,0.001487336,0.006127011,0,0,0.03728201,0.0343996,0
0.1347632,0.1112227,0.1082341,0.3185799,0.3558364,0.1873495,0.291598,0.3040977,0.1069403,0.1306843,0.05020404,0.05026435,0.0685839,0.06042276,0.138737,0.0004596683,0.02730866,0.02365038,0.01720636,0.04647291,0.05920556,0.001648905,0.005648981,0,0,0.03689896,0.03457166,0
0.1355779,0.1107923,0.1078787,0.3177662,0.3535325,0.193126,0.2918252,0.301279,0.1087117,0.1317265,0.04925064,0.04914525,0.06864787,0.0602029,0.1335537,0.0004230365,0.02785543,0.02358157,0.01724008,0.04705632,0.05980185,0.001625675,0.005258406,0,0,0.03665019,0.03483376,0
0.1357172,0.1106201,0.1079333,0.3168007,0.3491603,0.1989344,0.2872566,0.2982517,0.1096254,0.1332977,0.0486175,0.04829323,0.06866207,0.05996783,0.1307463,0.000389324,0.02808236,0.02345488,0.01723316,0.04753211,0.06032345,0.001554022,0.005145464,0,0,0.03641886,0.03507113,0
0.1356247,0.110592,0.1081979,0.316211,0.3474831,0.2013354,0.2860011,0.2973432,0.1100269,0.1350651,0.04816808,0.047612,0.06867927,0.05973147,0.1293703,0.000358298,0.02813065,0.02329377,0.01720359,0.04796717,0.06073644,0.00146117,0.005120295,0,0,0.03618662,0.03526257,0
0.1330797,0.1104726,0.1084361,0.3156953,0.3462901,0.2025922,0.2846583,0.2964277,0.1098056,0.1359575,0.04788098,0.04707492,0.06870142,0.05942258,0.1287901,0.0003297445,0.02809166,0.02313757,0.01716566,0.04821096,0.06107818,0.001361314,0.005063425,0,0,0.0359605,0.03537852,0
0.1309882,0.1102662,0.108603,0.3150916,0.3450457,0.2037072,0.2800291,0.2939314,0.1093807,0.1367827,0.04767651,0.04663671,0.06863898,0.05932168,0.1286907,0.0003034665,0.02809068,0.02298546,0.01713604,0.0483751,0.06130532,0.001261707,0.005115426,0,0,0.03577756,0.03552627,0
0.1297679,0.1100223,0.1087458,0.3139429,0.3436331,0.2053024,0.2776629,0.2927331,0.1090651,0.1375326,0.04741449,0.04617484,0.06855932,0.05927113,0.128608,0.0002792827,0.02808989,0.02281843,0.01709561,0.04852387,0.06156823,0.001165912,0.005214553,0,0,0.03560845,0.03568776,0
0.1269622,0.1097183,0.1087927,0.3125182,0.3418489,0.206256,0.2763305,0.2913858,0.1082296,0.1380869,0.04718886,0.04573193,0.06837436,0.0592176,0.1285973,0.0002570261,0.02805813,0.02266008,0.01704026,0.04861392,0.06165379,0.001075541,0.005248936,0,0,0.03543363,0.03577724,0
0.1256897,0.1094624,0.1088796,0.3110356,0.3397912,0.2064605,0.2753187,0.2907519,0.1075084,0.1384737,0.04699795,0.04536613,0.06821726,0.05922563,0.1286197,0.0002365432,0.0279209,0.02254594,0.01703315,0.04871778,0.06177101,0.0009911909,0.005502284,0,0,0.03528595,0.03589336,0
0.1251869,0.1096185,0.1093259,0.3101854,0.3388337,0.2067455,0.2706318,0.2891974,0.107059,0.1389703,0.04678455,0.04502567,0.06804807,0.05903254,0.1286329,0.0002176926,0.02800351,0.02240078,0.01699944,0.04865209,0.06186872,0.0009129297,0.005784496,0,0,0.03506082,0.03594168,0
0.1249072,0.109932,0.1098925,0.309536,0.3383818,0.2065476,0.2690366,0.2851944,0.1065054,0.1392346,0.04660531,0.04466702,0.0678527,0.05876194,0.1285373,0.0002003442,0.02824714,0.02224838,0.0169131,0.04846069,0.06177832,0.0008405665,0.005660243,0,0,0.03476045,0.03583853,0
0.1249176,0.1103593,0.1111693,0.3088732,0.3380263,0.2062045,0.2503881,0.2604797,0.1058629,0.1392607,0.04658141,0.04445498,0.06757855,0.05844746,0.1285501,0.0001843784,0.02825172,0.02208848,0.01682373,0.04801666,0.06148458,0.0007737889,0.005631889,0,0,0.03441377,0.03562958,0
0.1247871,0.1134048,0.1193219,0.3090678,0.3383494,0.2060413,0.1855151,0.2060002,0.09839027,0.1390819,0.04663496,0.04442555,0.06713086,0.05771866,0.1288296,0.0001696849,0.02797176,0.02175518,0.01665224,0.0445286,0.06065176,0.0007122359,0.005922732,0,0,0.03384732,0.03514466,0
0.1246052,0.1146316,0.1223113,0.3079467,0.3380053,0.2074682,0.1879887,0.2004755,0.09347746,0.1390791,0.04675189,0.0444776,0.0659162,0.05718633,0.1317195,0.0001561624,0.02785519,0.02138006,0.01645444,0.04129947,0.05984762,0.0006555363,0.005765678,0,0,0.03331118,0.03462837,0
0.1243026,0.1156066,0.1256612,0.3051661,0.3334636,0.2171955,0.1692614,0.185547,0.08561087,0.1391416,0.0475115,0.04538214,0.06504647,0.05719166,0.1410756,0.0001437175,0.02766101,0.02107881,0.01634844,0.03938941,0.05816267,0.0006033274,0.005547359,0,0,0.03289627,0.0341911,0
0.1235044,0.1164181,0.1286024,0.2861224,0.3102632,0.2273891,0.1471111,0.1540041,0.07678823,0.1388851,0.04934511,0.04765697,0.06240736,0.05741169,0.1440835,0.0001322643,0.02745197,0.0207745,0.01624369,0.03782536,0.05581731,0.0008816592,0.005210848,0,0,0.03250862,0.03372969,0
0.1223427,0.1169564,0.1301601,0.2807183,0.3037685,0.2304421,0.139496,0.1447221,0.07045759,0.1373178,0.05688457,0.05752518,0.06098221,0.0579013,0.1510254,0.0001217239,0.02695825,0.02048538,0.01617756,0.03579181,0.05196111,0.0009014884,0.004914657,0,0,0.0319654,0.03313592,0
0.1196139,0.1173745,0.1313158,0.277663,0.3001969,0.2320159,0.1357217,0.1443406,0.06625338,0.134904,0.06211853,0.06378381,0.05948793,0.05848225,0.1536517,0.0001120235,0.0263509,0.02016287,0.01608491,0.03389392,0.04915009,0.0008778676,0.004876178,0,0,0.03130822,0.03244317,0
0.1185036,0.1176854,0.1321898,0.2757938,0.2981117,0.2326921,0.1333177,0.1434369,0.06411539,0.1329852,0.06671184,0.06971411,0.05854014,0.05914683,0.1561415,0.0001030961,0.02577124,0.01985537,0.01601416,0.03203761,0.04697254,0.0008337186,0.005047565,0,0,0.03059328,0.03162448,0
0.1177087,0.1181098,0.1334769,0.2735952,0.2953352,0.2335573,0.1113637,0.1406231,0.06239581,0.1318181,0.0698414,0.07394363,0.05746087,0.05976345,0.1583056,9.488018e-05,0.02511655,0.01950024,0.01590875,0.03026484,0.04422068,0.0007810926,0.005382104,0,0,0.02987306,0.03086372,0
0.1171063,0.1182288,0.1340548,0.2699578,0.2906792,0.2392616,0.1053697,0.1396207,0.06130777,0.1306413,0.07129681,0.07581753,0.0554373,0.06026834,0.1589631,8.731899e-05,0.02406646,0.01912461,0.01578057,0.02880437,0.04234404,0.0007262401,0.005815202,0,0,0.02913626,0.03007935,0
0.1167146,0.1183528,0.1345599,0.2596328,0.2772126,0.2491629,0.1024219,0.139446,0.06056152,0.1297779,0.07200891,0.07677837,0.05306631,0.06060452,0.1590619,8.036037e-05,0.02273744,0.01870562,0.01561531,0.02697802,0.04092874,0.0006723224,0.007286522,0,0,0.02810683,0.02893055,0
0.1165744,0.1183591,0.1348996,0.2562476,0.2729891,0.2525558,0.100825,0.1395074,0.05997889,0.1287907,0.07236321,0.07730529,0.05093028,0.06083703,0.1592931,7.395629e-05,0.02184479,0.01824471,0.01540815,0.0245857,0.0386024,0.0006208621,0.009611532,0,0,0.02659184,0.02728657,0
0.1166,0.1182665,0.1351454,0.2544233,0.2710651,0.2602093,0.1001739,0.1394905,0.05998365,0.1284349,0.07236364,0.07740678,0.04981574,0.06062531,0.1598724,6.806257e-05,0.02145591,0.01774568,0.01513149,0.02195102,0.03714347,0.0005725183,0.01064877,0,0,0.02471685,0.02533764,0
0.1164528,0.1184001,0.1355854,0.2550238,0.2725928,0.25893,0.1002311,0.1399067,0.05977369,0.1281679,0.0724307,0.07757801,0.04883767,0.0604559,0.161147,6.263853e-05,0.02110927,0.01734997,0.0149495,0.02040934,0.0361171,0.0005275001,0.01361766,0,0,0.0234171,0.02395136,0
0.1167531,0.1184863,0.1359244,0.2552636,0.2729744,0.2594321,0.0983,0.1394145,0.06003552,0.1284784,0.07223491,0.07752515,0.04819512,0.06015535,0.1618074,5.764674e-05,0.02083657,0.01698819,0.01480623,0.01922879,0.035354,0.0004857873,0.01700793,0,0,0.02245684,0.02295163,0
0.1171361,0.118429,0.1359882,0.2639498,0.2811434,0.2583123,0.09548104,0.1376576,0.06031831,0.1288955,0.07241243,0.07793742,0.04768414,0.06023457,0.1666347,5.305276e-05,0.02057909,0.01677821,0.01480066,0.01831244,0.03459639,0.0004472479,0.01962917,0,0,0.02166249,0.02214247,0
0.1173732,0.118326,0.1359782,0.266295,0.2833683,0.2570827,0.09009292,0.1349697,0.06036247,0.1291967,0.07274231,0.07853305,0.04719578,0.06018202,0.1701638,4.882488e-05,0.02041108,0.01658088,0.01480742,0.01750113,0.03384203,0.0004116989,0.02204104,0,0,0.02093107,0.02140675,0
0.1620805,0.130405,0.1519457,0.3262551,0.3501196,0.188454,0.1975412,0.2107762,0.08452485,0.1309197,0.07251047,0.07674892,0.06051514,0.05971656,0.1731421,4.493393e-05,0.0176841,0.01678244,0.01507506,0.01754971,0.04800724,0.0003789396,0.02318664,0,0,0.02044791,0.02089089,0
0.1580647,0.1300163,0.1464203,0.2684003,0.2961558,0.2249823,0.122481,0.1638946,0.08967905,0.1314584,0.07162734,0.07597717,0.06347973,0.05965179,0.1745826,4.135306e-05,0.01713295,0.01681026,0.01523653,0.01734245,0.04815933,0.0003487678,0.02276684,0,0,0.02011955,0.02057155,0
0.1360827,0.1290581,0.1449319,0.257212,0.2862294,0.2299818,0.1169291,0.1576464,0.08638651,0.1319465,0.07103559,0.07540944,0.06108638,0.05945573,0.1756696,3.805755e-05,0.01777324,0.01670333,0.01524121,0.0168952,0.04502396,0.0003209881,0.0225722,0,0,0.01969318,0.02014941,0
0.1304101,0.1265848,0.1422828,0.2513827,0.2801314,0.2324941,0.1195296,0.1555227,0.08403489,0.1324757,0.07064367,0.07508548,0.05960297,0.05940034,0.1765642,3.502467e-05,0.01826255,0.01664928,0.01529639,0.01644031,0.04259182,0.0002954156,0.02243122,0,0,0.01932863,0.01977836,0
0.1264106,0.1241466,0.1400596,0.2449198,0.2677715,0.2292006,0.1188653,0.1538821,0.08069105,0.1323963,0.0702813,0.07477763,0.05765875,0.05952758,0.1806476,3.223349e-05,0.01866279,0.01660804,0.01534526,0.01605682,0.0410837,0.0002718774,0.02202842,0,0,0.01910773,0.01953874,0
0.1234259,0.1129815,0.1278635,0.2408978,0.2624545,0.2238492,0.13587,0.1688327,0.07946002,0.1323668,0.0697898,0.07429986,0.05668189,0.06082793,0.1833784,2.966474e-05,0.01889699,0.01673491,0.01554065,0.01595652,0.04036645,0.0002502132,0.02109732,0,0,0.01918535,0.01963131,0
0.1210984,0.108914,0.1239802,0.2363209,0.2587337,0.2198342,0.1569613,0.1783681,0.078577,0.1327626,0.0694593,0.07384193,0.05609842,0.06139579,0.1863924,2.73007e-05,0.01898279,0.01688112,0.01569077,0.01605993,0.04016847,0.0002302744,0.01663037,0,0,0.01943287,0.01990034,0
0.1195018,0.1045041,0.1196816,0.2346363,0.2573417,0.217729,0.2453378,0.2655486,0.0780545,0.134251,0.06811,0.07091667,0.05574459,0.06192725,0.1874923,2.512505e-05,0.01905799,0.01701682,0.0158107,0.01652648,0.04070334,0.0002319332,0.01289845,0,0,0.01976609,0.02027724,0
0.1185521,0.1024195,0.1176278,0.2343476,0.2608818,0.2168684,0.2585915,0.2736118,0.07783283,0.1364601,0.06713575,0.06889445,0.05556232,0.06232953,0.1875173,2.312279e-05,0.01913057,0.01711445,0.01587335,0.0170741,0.04142614,0.0004481525,0.0106417,0,0,0.02004233,0.0206011,0
0.1149197,0.1014156,0.1166645,0.2233988,0.2446195,0.2695901,0.1599019,0.1777859,0.07439072,0.1368357,0.06699504,0.06850488,0.05112789,0.06257661,0.1877034,2.128009e-05,0.01945357,0.0169641,0.01573717,0.01693408,0.03944993,0.0004786453,0.009305352,0,0,0.01998691,0.02054418,0
0.1127017,0.1006338,0.1159187,0.216515,0.2368871,0.2835906,0.1387466,0.1567286,0.07299492,0.1369919,0.06710147,0.06860216,0.04803638,0.0628872,0.1878311,1.958423e-05,0.01985675,0.01675659,0.01555777,0.01662235,0.03771511,0.0004759383,0.008427,0,0,0.01984365,0.02039807,0
0.1105534,0.09985486,0.1151259,0.2136784,0.2335805,0.2908616,0.1292048,0.1472195,0.07200591,0.1369681,0.06727783,0.06887843,0.04639199,0.06329609,0.1876558,1.802353e-05,0.02037382,0.0165757,0.01541097,0.01624468,0.03643665,0.0004569774,0.007877766,0,0,0.01965741,0.02020351,0
0.1093955,0.09945226,0.1146974,0.211832,0.2315706,0.2921784,0.1279777,0.1476531,0.07119191,0.1366025,0.06748643,0.06924403,0.04524431,0.06350774,0.1874415,1.65872e-05,0.02091406,0.01637984,0.01524384,0.01587892,0.03552971,0.0004307124,0.007373899,0,0,0.01947655,0.02000698,0
0.1085398,0.09889538,0.1140423,0.2098685,0.2298678,0.2931799,0.129201,0.1490495,0.07061673,0.1361853,0.06773891,0.06970294,0.04434212,0.06434719,0.1872199,1.526533e-05,0.02148677,0.01626803,0.01516571,0.01555581,0.03471032,0.0004018221,0.006967976,0,0,0.01935943,0.01988681,0
0.1077507,0.0985292,0.1135657,0.2087554,0.2288059,0.2907302,0.1295337,0.1504967,0.07009957,0.1356844,0.06791985,0.07013279,0.04362823,0.06547081,0.1871232,1.404881e-05,0.02202045,0.01618279,0.01512259,0.01527778,0.03400408,0.0003727086,0.006789482,0,0,0.01923918,0.01975846,0
0.1045184,0.09818062,0.1130888,0.2068678,0.2264121,0.2899145,0.1302971,0.1553494,0.06902946,0.1347639,0.06799289,0.07050436,0.04287743,0.06665211,0.1867267,1.292923e-05,0.0226378,0.01607199,0.01508103,0.01498524,0.03324913,0.0003445635,0.00672385,0,0,0.01908994,0.01960352,0
0.1033646,0.09804895,0.1128404,0.2059652,0.2253173,0.2944379,0.1299908,0.1564157,0.06848678,0.1343099,0.06798664,0.07081863,0.04226375,0.06769445,0.1863508,1.189887e-05,0.02338997,0.01595517,0.01504375,0.01465976,0.03251541,0.0003179379,0.006849517,0,0,0.01889295,0.0194015,0
0.102831,0.09823474,0.112929,0.2053295,0.2244859,0.2552571,0.1301662,0.1588386,0.06808636,0.1338191,0.06788728,0.07099937,0.04191761,0.06823425,0.1861567,1.095063e-05,0.02383073,0.01594465,0.01510827,0.01449075,0.03213535,0.0002930468,0.007061752,0,0,0.01883003,0.01933253,0
0.1022538,0.09830229,0.1129613,0.2045471,0.222775,0.3070859,0.1306666,0.160044,0.06781525,0.1336767,0.06766748,0.07103658,0.04149942,0.06877284,0.1862381,1.007795e-05,0.02439534,0.01580273,0.01503236,0.01422284,0.03167406,0.000269932,0.00739213,0,0,0.01866027,0.0191483,0
0.1015536,0.09856963,0.1131862,0.2039113,0.2217853,0.285464,0.1310536,0.1609138,0.06729581,0.1332344,0.06755845,0.07117558,0.04110896,0.06921518,0.1866907,9.274821e-06,0.0249586,0.01568783,0.01497387,0.01395947,0.03118375,0.0002485484,0.007697897,0,0,0.01848808,0.01895716,0
0.09985957,0.09902637,0.1135883,0.2035673,0.2210472,0.2787692,0.1313331,0.1613771,0.06630828,0.1326283,0.06743085,0.07120474,0.04078682,0.06964868,0.1868601,8.535692e-06,0.0253459,0.01560252,0.01494094,0.01375602,0.03077825,0.0002288094,0.008054009,0,0,0.01830999,0.01874913,0
0.09935793,0.101034,0.1150414,0.2041077,0.2210357,0.2616672,0.1337669,0.1644632,0.06577507,0.1322328,0.06716688,0.07099839,0.04074535,0.06987384,0.1867264,7.855467e-06,0.02556075,0.01558289,0.0149684,0.01369617,0.03067336,0.0002106118,0.008327468,0,0,0.01820273,0.01859956,0
0.09880702,0.1018964,0.1157048,0.2043068,0.2207572,0.2620606,0.1434646,0.17549,0.06530175,0.1320769,0.06659657,0.07038282,0.0405969,0.07019239,0.1855699,7.229449e-06,0.02562499,0.01550592,0.0149432,0.01368841,0.03064689,0.0001938473,0.008600526,0,0,0.01812136,0.0184758,0
0.09839621,0.1025931,0.116254,0.2046709,0.2207662,0.2610633,0.1549966,0.1876718,0.06498948,0.1320883,0.06595003,0.06971556,0.04059131,0.07042672,0.1847956,6.65332e-06,0.02573276,0.01542899,0.0149113,0.01371882,0.03069664,0.0001784097,0.008820259,0,0,0.01804309,0.0183564,0
0.09793054,0.1030087,0.1165449,0.205018,0.2208841,0.2630066,0.1617693,0.1953036,0.06466676,0.1321815,0.06524901,0.06896514,0.04056365,0.0708526,0.1822865,6.123104e-06,0.02574551,0.01534949,0.01487507,0.01381075,0.03075738,0.0001641975,0.00894801,0,0,0.01800675,0.01828676,0
0.09757188,0.1034589,0.1169153,0.2052411,0.2209596,0.2671648,0.1646367,0.1986607,0.06449089,0.1323812,0.06453691,0.06824726,0.04055126,0.0712568,0.1809591,5.635141e-06,0.02573905,0.01526293,0.01483448,0.01388587,0.03081059,0.0001511153,0.009148771,0,0,0.01797284,0.01822643,0
0.09754812,0.1038105,0.1172122,0.2056071,0.221195,0.268444,0.1627652,0.1975896,0.06449173,0.1325791,0.06399261,0.0677068,0.04060204,0.07176276,0.1800742,5.186066e-06,0.02571853,0.01524977,0.01486818,0.01394189,0.03087193,0.0001390742,0.009367342,0,0,0.01795402,0.0181901,0
0.09758747,0.1041695,0.1175463,0.205866,0.2213659,0.2690125,0.162361,0.1975352,0.0645305,0.132721,0.06347574,0.06718931,0.04066842,0.07214462,0.1792683,4.772778e-06,0.02566188,0.01525564,0.01491444,0.01399824,0.03099615,0.000127992,0.009619449,0,0,0.01793392,0.01815807,0
0.09767756,0.1045666,0.1179423,0.2061344,0.2216613,0.2656606,0.1618116,0.19707,0.06452429,0.1327645,0.06313655,0.06685539,0.04075869,0.07250676,0.1788551,4.392426e-06,0.02566899,0.01530739,0.01499769,0.01404381,0.03109314,0.0001177925,0.009720486,0,0,0.01792402,0.01814807,0
0.09780526,0.104988,0.1183662,0.2062064,0.2216923,0.2648467,0.157582,0.1942212,0.06454951,0.132868,0.06279377,0.06653648,0.04082268,0.07270391,0.1785129,4.042385e-06,0.02566879,0.01532436,0.01504881,0.0140535,0.0311729,0.0001084056,0.009929903,0,0,0.01791857,0.01813563,0
0.09798988,0.1054892,0.1188653,0.2063055,0.2216834,0.2644677,0.1519086,0.1866934,0.06457584,0.1329957,0.06262652,0.06640308,0.04087332,0.07290378,0.1785185,3.720239e-06,0.02571225,0.01534147,0.01509689,0.01402123,0.03116398,9.97667e-05,0.01009591,0,0,0.01791096,0.01811649,0
0.09782363,0.1060196,0.1193952,0.2061425,0.2213154,0.2667142,0.1412621,0.1783168,0.06438425,0.1330817,0.06250229,0.06633692,0.04083531,0.07309044,0.1785011,3.423766e-06,0.02583236,0.01530814,0.01510285,0.01395668,0.0310881,9.181617e-05,0.01033694,0,0,0.01790571,0.01809061,0
0.09769288,0.1064342,0.1197625,0.2059532,0.2209102,0.2778954,0.1378977,0.1754695,0.06431454,0.133174,0.06235777,0.06626075,0.04073198,0.07339825,0.1785738,3.150919e-06,0.02601823,0.01522449,0.01505983,0.01386852,0.03090413,8.44992e-05,0.01054678,0,0,0.01785309,0.01802126,0
0.09796003,0.107944,0.1211557,0.2070134,0.2210335,0.2394416,0.1112431,0.1521914,0.06417523,0.1334881,0.06262819,0.06659874,0.04097464,0.07311489,0.1789622,2.899816e-06,0.02600656,0.01526072,0.01514454,0.013779,0.03092825,7.77653e-05,0.01096287,0,0,0.01784098,0.01798348,0
0.09773837,0.1085686,0.1217393,0.2073726,0.2209092,0.2368152,0.09515719,0.1293091,0.06371706,0.1333664,0.06289887,0.0668735,0.04095269,0.07296473,0.1791736,2.668724e-06,0.02609255,0.01534168,0.01526057,0.01370714,0.03096987,7.156804e-05,0.01127899,0,0,0.01788693,0.01801006,0
0.09721892,0.1085343,0.1216163,0.2076652,0.2206744,0.2337518,0.0891799,0.1217381,0.06313685,0.1334819,0.06315577,0.06708484,0.04101737,0.07289004,0.1762898,2.456048e-06,0.02605471,0.01557812,0.01553809,0.01377682,0.03118558,6.586465e-05,0.01155831,0,0,0.01806222,0.01818961,0
0.09339955,0.108437,0.1214635,0.2075113,0.2198417,0.2326491,0.08609567,0.1180898,0.061551,0.1332642,0.06318171,0.06705434,0.04088987,0.07278189,0.1737134,2.260321e-06,0.02605912,0.01579003,0.01580237,0.01386886,0.03148076,6.061576e-05,0.01181393,0,0,0.01825717,0.01838173,0
0.09235366,0.1084815,0.1214357,0.2074277,0.2192753,0.2356659,0.08436236,0.1164157,0.06093058,0.1332395,0.06339816,0.06729457,0.04094568,0.0724185,0.173289,2.080191e-06,0.02636149,0.01586915,0.01593783,0.01378239,0.03158377,5.578517e-05,0.01219293,0,0,0.01830384,0.01839814,0
0.09187316,0.1083681,0.1213203,0.20734,0.2189025,0.2694542,0.0860867,0.1262105,0.06058407,0.1332348,0.0632053,0.06717413,0.04078593,0.0719282,0.1729352,1.914417e-06,0.02660047,0.01577958,0.01590931,0.01360361,0.03155852,5.133954e-05,0.01263767,0,0,0.01818733,0.01826013,0
0.09181238,0.1082222,0.1211732,0.2059916,0.2180593,0.2843966,0.09462726,0.1338899,0.0606024,0.1334122,0.06285354,0.06689569,0.04061753,0.07158428,0.1728184,1.761853e-06,0.02699745,0.01564248,0.01581178,0.01341742,0.03148777,4.724819e-05,0.01278318,0,0,0.01808394,0.01815117,0
